System;POI Type;Name;Stanton X-Coord;Stanton Y-Coord;Stanton Z-Coord
Stanton;Station;INS-Jericho;20196776944;33456387580;2895692
Stanton;Wreck;Procyon (XenoThreat);20196234302;33456590828;3063800.096
Stanton;Jump Point;Jump Point Hurston;13370519923.824627;-585520502.58121097;223164.375
Stanton;Jump Point;Jump Point ArcCorp;20254808079.072586;-22397856118.685158;223164.375